-- 1. 利用者 (user) 15件
INSERT INTO user (id, name, password, role, status, borrow_count, created_at) VALUES
(1, '山田 太郎', 'pass123', 0, 0, 1, '2023-01-10 10:00:00'),
(2, '鈴木 花子', 'pass123', 0, 0, 0, '2023-01-15 11:30:00'),
(3, '佐藤 次郎', 'pass123', 0, 0, 2, '2023-02-20 09:15:00'),
(4, '高橋 美咲', 'pass123', 0, 0, 0, '2023-03-05 14:00:00'),
(5, '伊藤 健太', 'pass123', 0, 0, 1, '2023-03-10 16:45:00'),
(6, '渡辺 さくら', 'pass123', 0, 0, 0, '2023-04-12 10:20:00'),
(7, '山本 翔太', 'pass123', 0, 0, 0, '2023-05-01 11:11:00'),
(8, '中村 結衣', 'pass123', 0, 0, 1, '2023-05-18 13:25:00'),
(9, '小林 拓哉', 'pass123', 0, 0, 0, '2023-06-22 09:50:00'),
(10, '加藤 葵', 'pass123', 0, 0, 0, '2023-07-07 15:30:00'),
(11, '吉田 大輝', 'pass123', 0, 1, 0, '2023-08-14 10:05:00'), -- 利用停止
(12, '山田 理子', 'pass123', 0, 0, 1, '2023-09-30 17:00:00'),
(13, '図書館 司書A', 'adminpass', 1, 0, 0, '2023-01-01 09:00:00'), -- 司書
(14, '図書館 司書B', 'adminpass', 1, 0, 0, '2023-01-01 09:00:00'), -- 司書
(15, 'システム 管理者', 'masterpass', 2, 0, 0, '2023-01-01 08:00:00'); -- 管理者

-- 2. 著者 (author) 10件
INSERT INTO author (id, name) VALUES
(1, '夏目 漱石'), (2, '芥川 龍之介'), (3, '太宰 治'), (4, '宮沢 賢治'),
(5, 'J.K. ローリング'), (6, 'アガサ・クリスティ'), (7, '東野 圭吾'),
(8, '村上 春樹'), (9, '湊 かなえ'), (10, '伊坂 幸太郎');

-- 3. 出版社 (publisher) 5件
INSERT INTO publisher (id, name) VALUES
(1, '岩波書店'), (2, '新潮社'), (3, '講談社'), (4, '静山社'), (5, '早川書房');

-- 4. 分類 (category) 10件
INSERT INTO category (id, name, sort_order) VALUES
(1, '総記', 10), (2, '哲学', 20), (3, '歴史', 30), (4, '社会科学', 40),
(5, '自然科学', 50), (6, '技術', 60), (7, '産業', 70), (8, '芸術', 80),
(9, '語学', 90), (10, '文学', 100);

-- 5. 配置 (layout) 5件
INSERT INTO layout (id, location) VALUES
(1, '1F 新刊コーナー'), (2, '1F 一般書架A'), (3, '1F 一般書架B'),
(4, '2F 児童書コーナー'), (5, '2F 参考図書室');

-- 6. 書籍マスタ (book_info) 20件
INSERT INTO book_info (id, isbn, title, author_id, publisher_id, category_id) VALUES
(1, '9784000000001', '吾輩は猫である', 1, 1, 10),
(2, '9784000000002', 'こころ', 1, 1, 10),
(3, '9784000000003', '羅生門', 2, 2, 10),
(4, '9784000000004', '人間失格', 3, 2, 10),
(5, '9784000000005', '銀河鉄道の夜', 4, 1, 10),
(6, '9784000000006', 'ハリー・ポッターと賢者の石', 5, 4, 10),
(7, '9784000000007', 'ハリー・ポッターと秘密の部屋', 5, 4, 10),
(8, '9784000000008', 'そして誰もいなくなった', 6, 5, 10),
(9, '9784000000009', 'オリエント急行の殺人', 6, 5, 10),
(10, '9784000000010', '容疑者Xの献身', 7, 3, 10),
(11, '9784000000011', '白夜行', 7, 3, 10),
(12, '9784000000012', 'ノルウェイの森 上', 8, 3, 10),
(13, '9784000000013', 'ノルウェイの森 下', 8, 3, 10),
(14, '9784000000014', '海辺のカフカ', 8, 2, 10),
(15, '9784000000015', '告白', 9, 3, 10),
(16, '9784000000016', 'Nのために', 9, 3, 10),
(17, '9784000000017', 'ゴールデンスランバー', 10, 2, 10),
(18, '9784000000018', '重力ピエロ', 10, 2, 10),
(19, '9784000000019', '坊っちゃん', 1, 1, 10),
(20, '9784000000020', '走れメロス', 3, 2, 10);

-- 7. 図書 (book) 40件 (同じ本が複数冊ある状態を再現)
INSERT INTO book (id, book_info_id, book_number, layout_id) VALUES
(1, 1, 1, 2), (2, 1, 2, 2), (3, 2, 1, 2), (4, 3, 1, 3), (5, 3, 2, 3),
(6, 4, 1, 3), (7, 4, 2, 3), (8, 4, 3, 3), (9, 5, 1, 4), (10, 5, 2, 4),
(11, 6, 1, 4), (12, 6, 2, 4), (13, 6, 3, 4), (14, 7, 1, 4), (15, 7, 2, 4),
(16, 8, 1, 3), (17, 8, 2, 3), (18, 9, 1, 3), (19, 10, 1, 1), (20, 10, 2, 1),
(21, 11, 1, 2), (22, 12, 1, 2), (23, 13, 1, 2), (24, 14, 1, 2), (25, 14, 2, 2),
(26, 15, 1, 1), (27, 16, 1, 1), (28, 17, 1, 1), (29, 18, 1, 1), (30, 18, 2, 1),
(31, 19, 1, 2), (32, 19, 2, 2), (33, 20, 1, 3), (34, 20, 2, 3), (35, 1, 3, 2),
(36, 2, 2, 2), (37, 6, 4, 4), (38, 10, 3, 1), (39, 15, 2, 1), (40, 20, 3, 3);

-- 8. 貸出 (lend) 30件
-- 返却済(1)の履歴データ
INSERT INTO lend (id, user_id, book_id, lend_date, due_date, return_date, status) VALUES
(1, 1, 5, '2024-03-01 10:00:00', '2024-03-15 23:59:59', '2024-03-10 14:00:00', 1),
(2, 2, 11, '2024-03-02 11:00:00', '2024-03-16 23:59:59', '2024-03-15 10:30:00', 1),
(3, 3, 20, '2024-03-05 09:30:00', '2024-03-19 23:59:59', '2024-03-18 16:20:00', 1),
(4, 4, 8, '2024-03-10 14:00:00', '2024-03-24 23:59:59', '2024-03-20 11:10:00', 1),
(5, 5, 2, '2024-03-12 16:45:00', '2024-03-26 23:59:59', '2024-03-25 09:05:00', 1),
(6, 6, 30, '2024-03-15 10:20:00', '2024-03-29 23:59:59', '2024-03-28 13:40:00', 1),
(7, 7, 15, '2024-03-20 11:11:00', '2024-04-03 23:59:59', '2024-04-01 15:55:00', 1),
(8, 8, 40, '2024-03-25 13:25:00', '2024-04-08 23:59:59', '2024-04-05 10:15:00', 1),
(9, 9, 25, '2024-04-01 09:50:00', '2024-04-15 23:59:59', '2024-04-10 14:30:00', 1),
(10, 10, 3, '2024-04-05 15:30:00', '2024-04-19 23:59:59', '2024-04-18 11:45:00', 1),
(11, 1, 12, '2024-04-10 10:05:00', '2024-04-24 23:59:59', '2024-04-22 16:50:00', 1),
(12, 2, 22, '2024-04-15 17:00:00', '2024-04-29 23:59:59', '2024-04-28 09:10:00', 1),
(13, 3, 33, '2024-04-20 10:00:00', '2024-05-04 23:59:59', '2024-05-01 13:20:00', 1),
(14, 4, 7, '2024-04-25 11:30:00', '2024-05-09 23:59:59', '2024-05-08 10:40:00', 1),
(15, 5, 18, '2024-05-01 09:15:00', '2024-05-15 23:59:59', '2024-05-12 15:15:00', 1),
(16, 6, 28, '2024-05-05 14:00:00', '2024-05-19 23:59:59', '2024-05-18 11:55:00', 1),
(17, 7, 38, '2024-05-10 16:45:00', '2024-05-24 23:59:59', '2024-05-22 09:30:00', 1),
(18, 8, 9, '2024-05-15 10:20:00', '2024-05-29 23:59:59', '2024-05-28 14:10:00', 1),
(19, 9, 19, '2024-05-20 11:11:00', '2024-06-03 23:59:59', '2024-06-01 16:45:00', 1),
(20, 10, 29, '2024-05-25 13:25:00', '2024-06-08 23:59:59', '2024-06-05 10:20:00', 1),
-- 現在貸出中(0) および 延滞中(2)のデータ
(21, 1, 1, '2024-06-10 10:00:00', '2024-06-24 23:59:59', NULL, 0), -- 利用者1(貸出中)
(22, 3, 11, '2024-05-20 11:00:00', '2024-06-03 23:59:59', NULL, 2), -- 利用者3(延滞中)
(23, 3, 21, '2024-06-15 09:30:00', '2024-06-29 23:59:59', NULL, 0), -- 利用者3(貸出中)
(24, 5, 31, '2024-06-18 14:00:00', '2024-07-02 23:59:59', NULL, 0), -- 利用者5(貸出中)
(25, 8, 5, '2024-06-20 16:45:00', '2024-07-04 23:59:59', NULL, 0), -- 利用者8(貸出中)
(26, 12, 15, '2024-06-22 10:20:00', '2024-07-06 23:59:59', NULL, 0); -- 利用者12(貸出中)

-- 9. 予約 (reservation) 15件
INSERT INTO reservation (id, user_id, book_info_id, book_id, reservation_date, expire_date, status) VALUES
-- 過去の履歴（貸出完了: 2, 予約取消: 3, 期限超過: 4）
(1, 1, 6, 11, '2024-02-01 10:00:00', '2024-02-15 23:59:59', 2),
(2, 2, 10, 19, '2024-02-10 11:00:00', '2024-02-24 23:59:59', 2),
(3, 4, 15, NULL, '2024-03-05 09:30:00', NULL, 3), -- 予約取消（本は割り当てられず終了）
(4, 6, 20, 33, '2024-03-20 14:00:00', '2024-04-03 23:59:59', 4), -- 受取期限超過
-- 現在アクティブな予約（予約中: 0, 受取待ち: 1）
(5, 2, 1, NULL, '2024-06-20 10:00:00', NULL, 0), -- 予約中（本はまだ割り当てられていない）
(6, 4, 6, NULL, '2024-06-21 11:30:00', NULL, 0), -- 予約中
(7, 7, 10, 20, '2024-06-15 09:00:00', '2024-06-29 23:59:59', 1), -- 受取待ち（図書ID20がカウンターに確保されている）
(8, 9, 15, 26, '2024-06-18 14:20:00', '2024-07-02 23:59:59', 1), -- 受取待ち
(9, 10, 20, NULL, '2024-06-22 16:45:00', NULL, 0), -- 予約中
(10, 11, 2, NULL, '2024-06-23 10:20:00', NULL, 0); -- 予約中




-- ID:13 の司書A をリアルな名前に変更
UPDATE user SET name = '斎藤 健太' WHERE id = 13;

-- ID:14 の司書B をリアルな名前に変更
UPDATE user SET name = '森本 結愛' WHERE id = 14;

-- ID:15 のシステム管理者 をリアルな名前に変更
UPDATE user SET name = '藤井 裕太' WHERE id = 15;




-- ==========================================
-- NULL・論理削除（deleted_at）のテストデータ追加
-- ==========================================

-- 1. 退会した利用者（deleted_at に日付が入り、システム上は見えなくなる人）
INSERT INTO user (id, name, password, role, status, borrow_count, created_at, deleted_at) VALUES
(16, '退会 太郎', 'pass123', 0, 1, 0, '2022-04-01 10:00:00', '2024-01-15 12:00:00'),`user`
(17, '引越 花子', 'pass123', 0, 1, 0, '2022-05-10 11:30:00', '2024-03-20 15:45:00');

-- 2. 紛失・破損で廃棄（除籍）された物理本（論理削除）
-- ※「吾輩は猫である」の4冊目と5冊目だが、すでに捨てられているという設定
INSERT INTO book (id, book_info_id, book_number, layout_id, created_at, deleted_at) VALUES
(41, 1, 4, 2, '2023-01-01 10:00:00', '2024-05-10 09:00:00'),
(42, 1, 5, 2, '2023-01-01 10:00:00', '2024-06-01 14:30:00');

-- 3. （復習）NULLを明示的に入れる予約データの追加
-- ※新しく本を予約したが、まだ本が確保されていない（book_id と expire_date が NULL）
INSERT INTO reservation (id, user_id, book_info_id, book_id, reservation_date, expire_date, status) VALUES
(11, 5, 8, NULL, '2024-06-25 09:00:00', NULL, 0),
(12, 8, 12, NULL, '2024-06-26 10:30:00', NULL, 0);